model,metric,mean,lower_ci,upper_ci
DL-CE,dice,0.41012981701749246,0.3990520713058227,0.4212075627291622
DL-CE,iou,0.3376320884882456,0.32785939522483803,0.3474047817516532
DL-CE,precision,0.44617833333333334,0.42099756789266385,0.47135909877400284
DL-CE,recall,0.38620233333333337,0.3731442798344018,0.39926038683226495
DL-DF,dice,0.4512167156444275,0.44395142168827945,0.45848200960057556
DL-DF,iou,0.37850136525410627,0.3704857595091845,0.38651697099902804
DL-DF,precision,0.45717199999999997,0.4508879225375098,0.4634560774624901
DL-DF,recall,0.4459666666666666,0.4357211580603852,0.45621217527294805
DL-WCD,dice,0.470597693070507,0.42790564689490024,0.5132897392461138
DL-WCD,iou,0.36481596647098696,0.3291973061884576,0.4004346267535163
DL-WCD,precision,0.4103026666666667,0.37733002151880013,0.4432753118145333
DL-WCD,recall,0.6114700000000001,0.5644916952746444,0.6584483047253558
DL-T,dice,0.4648146749701219,0.3995480490937643,0.5300813008464795
DL-T,iou,0.3608097448176852,0.3081101902804302,0.4135092993549402
DL-T,precision,0.4270596666666666,0.35353979736980723,0.500579535963526
DL-T,recall,0.5744383333333333,0.5033314825319588,0.6455451841347077
TFFM-CE,dice,0.509267581985846,0.48957896278884017,0.5289562011828518
TFFM-CE,iou,0.4506729600107607,0.42384947472752627,0.4774964452939951
TFFM-CE,precision,0.5333003333333333,0.5129675447131667,0.5536331219534998
TFFM-CE,recall,0.48999433333333337,0.44312211990839523,0.5368665467582715
UN-DF,dice,0.5111543333333333,0.4876512892455196,0.5346573774211469
UN-DF,iou,0.4525613333333333,0.4224172709039948,0.48270539576267185
UN-DF,precision,0.5518873333333334,0.4645264991141328,0.639248167552534
UN-DF,recall,0.507874,0.48511729615171734,0.5306307038482828
UN-WCD,dice,0.6599111670670467,0.644243396715776,0.6755789374183173
UN-WCD,iou,0.5443314509640099,0.5285028513451453,0.5601600505828745
UN-WCD,precision,0.5991666666666666,0.5828409095933734,0.6154924237399598
UN-WCD,recall,0.7832469999999999,0.7473807768626378,0.819113223137362
