metric_name,lower_bound,average,upper_bound
dice,0.5446104290434861,0.6167382257218286,0.688866022400171
iou,0.4734155020263703,0.5327079857400533,0.5920004694537363
background_accuracy,0.9680419790127741,0.9706411361694317,0.9732402933260893
background_precision,0.984983888898682,0.98692591150647,0.988867934114258
background_recall,0.9769139932742599,0.980553049935382,0.984192106596504
arteries_accuracy,0.9826550362974669,0.9833097457885723,0.9839644552796778
arteries_precision,0.7647168356715325,0.7798376611054412,0.7949584865393499
arteries_recall,0.8038298694999426,0.8337231467680687,0.8636164240361948
veins_accuracy,0.9805723600180465,0.9824111302693664,0.9842499005206864
veins_precision,0.7792696606982561,0.8054910392482934,0.8317124177983306
veins_recall,0.8440365572817968,0.8624748923865605,0.8809132274913242
crossings_accuracy,0.9977383925299884,0.9980987548828105,0.9984591172356326
crossings_precision,0.46958608403442526,0.48743437391701677,0.5052826637996083
crossings_recall,-0.09498143225199768,0.4781900177410627,1.051361467734123
capillaries_accuracy,0.9989943087729057,0.9993834813435853,0.999772653914265
capillaries_precision,0.0,0.0,0.0
capillaries_recall,0.0,0.0,0.0
