model,fold,iou,dice,precision,recall
DL-CE,1,0.3333274867998531,0.4053389223850742,0.6111638891837384,0.4672418829983202
DL-CE,2,0.3410411557084692,0.4141597918496977,0.6325243560691697,0.47340047731382107
DL-CE,3,0.3385276229564147,0.4108907368177054,0.6688542692571702,0.45569947132980887
DL-DF,1,0.3816265993965039,0.454071869285913,0.6655022024510445,0.6191440326546511
DL-DF,2,0.375181939482809,0.4482271549657641,0.658348906232824,0.6009491186614752
DL-DF,3,0.378695556883006,0.4513511226816055,0.6568954102950912,0.6153619357462383
DL-WCD,1,0.3485609059446654,0.4507543895558709,0.37820935819305534,0.7116182067532805
DL-WCD,2,0.3756675792899521,0.4807098914282902,0.41887620099066225,0.7808252059473381
DL-WCD,3,0.3702194141783435,0.4803287982273599,0.4040990426322621,0.7406811712078081
DL-T,1,0.3363410368315493,0.4344958330206564,0.36522644085913425,0.6044660753556387
DL-T,2,0.3740508750846342,0.4790440845397073,0.42706104604611234,0.6978501203122018
DL-T,3,0.3720373225368721,0.4809041073500021,0.42733955366687343,0.6584139894265961
TFFM-CE,1,0.4400348589784713,0.5014824627262653,0.8465890839557572,0.6790406478994393
TFFM-CE,2,0.4558453163060202,0.5131825698815298,0.8616386973161816,0.7113786027257649
TFFM-CE,3,0.4484342188010279,0.5078000014398949,0.8668701711435091,0.6882980886539244
UN-DF,1,0.4655343469437728,0.521348935183249,0.8160119491523623,0.7791692702204838
UN-DF,2,0.4414888293571797,0.5026557874078856,0.7770018651078949,0.7335915995915484
UN-DF,3,0.4506608040174546,0.5094584095227451,0.7913905658403039,0.7535380235868239
UN-WCD,1,0.5434360247297189,0.6587306668713359,0.7168895737679627,0.829605855764471
UN-WCD,2,0.5511036696821432,0.6667251344559461,0.7156848897360012,0.8473736918630389
UN-WCD,3,0.5384546584801677,0.6542776998738581,0.7025164646839769,0.83852582350549
